epoch,learning_rate,train_loss,grad_norm,eval_loss
0.01,9.950000000000001e-06,1.1984237670898437,2.4082202911376953,
0.02,1.995e-05,0.6912238311767578,1.8761184215545654,
0.03,2.495e-05,0.5876057052612305,2.472522497177124,
0.04,3.495e-05,0.5143131256103516,1.8828332424163818,
0.05,3.995e-05,0.5025177764892578,3.604663610458374,
0.06,4.995e-05,0.4815509033203125,1.285351276397705,
0.07,4.987624378109453e-05,0.4622763442993164,5.032556056976318,
0.08,4.981405472636816e-05,0.4580751037597656,2.1329538822174072,
0.09,4.968967661691543e-05,0.4487195587158203,0.7463533282279968,
0.1,4.956529850746269e-05,0.43793262481689454,1.8076540231704712,
0.11,4.950310945273632e-05,0.44472782135009764,3.247641086578369,
0.12,4.937873134328358e-05,0.4553472900390625,1.2494500875473022,
0.13,4.931654228855721e-05,0.44248477935791014,1.7788211107254028,
0.14,4.9192164179104474e-05,0.4383827209472656,3.300727128982544,
0.15,4.906778606965174e-05,0.43153938293457034,1.365917444229126,
0.16,4.9005597014925373e-05,0.4171880340576172,2.645596504211426,
0.17,4.8881218905472635e-05,0.42653995513916015,1.0454310178756714,
0.18,4.8756840796019903e-05,0.42214115142822267,2.1373441219329834,
0.19,4.8694651741293534e-05,0.4284885025024414,0.20220056176185608,
0.2,4.8570273631840796e-05,0.4344606399536133,2.090498447418213,
0.21,4.8445895522388064e-05,0.41791568756103514,4.944278240203857,
0.22,4.8383706467661695e-05,0.4332938766479492,2.1775810718536377,
0.23,4.8259328358208957e-05,0.42467559814453126,1.763779878616333,
0.24,4.8197139303482594e-05,0.43519638061523436,2.1719417572021484,
0.25,4.8072761194029856e-05,0.4200493621826172,1.5480316877365112,
0.26,4.794838308457712e-05,0.43372364044189454,5.851096153259277,
0.27,4.788619402985075e-05,0.4182437896728516,1.9828715324401855,
0.28,4.776181592039801e-05,0.42803546905517575,4.5740251541137695,
0.29,4.763743781094527e-05,0.42275989532470704,3.2850327491760254,
0.3,4.757524875621891e-05,0.42024784088134765,0.37195563316345215,
0.31,4.745087064676617e-05,0.4160342788696289,1.6486940383911133,
0.32,4.73886815920398e-05,0.42729537963867187,1.5871962308883667,
0.33,4.726430348258707e-05,0.40742610931396483,1.9317313432693481,
0.34,4.713992537313433e-05,0.4241138458251953,1.6632742881774902,
0.35,4.707773631840796e-05,0.41597129821777346,1.1355865001678467,
0.36,4.695335820895523e-05,0.4178759002685547,1.4512712955474854,
0.37,4.682898009950249e-05,0.41282440185546876,1.8574992418289185,
0.38,4.676679104477612e-05,0.41859092712402346,2.1791090965270996,
0.39,4.6642412935323385e-05,0.4115406036376953,2.1514334678649902,
0.4,4.6580223880597015e-05,0.41054065704345705,0.5931308269500732,
0.41,4.645584577114428e-05,0.4209197998046875,1.3521052598953247,
0.42,4.6331467661691545e-05,0.4103144836425781,3.9972262382507324,
0.43,4.6269278606965176e-05,0.4082979965209961,3.046504259109497,
0.44,4.614490049751244e-05,0.40526954650878905,0.7843899130821228,
0.45,4.6020522388059706e-05,0.4160572052001953,0.9793415069580078,
0.46,4.595833333333334e-05,0.40477092742919923,2.1574981212615967,
0.47,4.58339552238806e-05,0.40426517486572267,2.7015888690948486,
0.48,4.577176616915423e-05,0.41552955627441407,4.544878005981445,
0.49,4.56473880597015e-05,0.40983291625976564,4.5393595695495605,
0.5,4.552300995024876e-05,0.41665225982666015,2.5971193313598633,
0.51,4.546082089552239e-05,0.4012847900390625,0.4720400273799896,
0.52,4.533644278606965e-05,0.4230437469482422,1.6110111474990845,
0.53,4.521206467661691e-05,0.4090336608886719,2.5756053924560547,
0.54,4.5149875621890544e-05,0.40433334350585937,0.09868601709604263,
0.55,4.502549751243781e-05,0.4035568618774414,0.5335941910743713,
0.56,4.496330845771144e-05,0.4021904373168945,1.7235403060913086,
0.57,4.4838930348258705e-05,0.4149444961547852,2.2903387546539307,
0.58,4.471455223880597e-05,0.4120986175537109,1.8582763671875,
0.59,4.4652363184079604e-05,0.41005706787109375,1.1918359994888306,
0.6,4.4527985074626866e-05,0.3993241500854492,0.42611727118492126,
0.61,4.4403606965174134e-05,0.4134061050415039,0.18394923210144043,
0.62,4.4341417910447765e-05,0.39649669647216795,1.0118129253387451,
0.63,4.4217039800995026e-05,0.4044504165649414,0.3257930278778076,
0.64,4.4092661691542295e-05,0.4134360122680664,1.445525050163269,
0.65,4.4030472636815926e-05,0.41080455780029296,1.1545524597167969,
0.66,4.390609452736319e-05,0.39895435333251955,1.1579060554504395,
0.67,4.384390547263682e-05,0.41372440338134764,0.5323279500007629,
0.68,4.371952736318408e-05,0.41100856781005857,2.062542676925659,
0.69,4.359514925373134e-05,0.39781951904296875,0.342956006526947,
0.7,4.353296019900498e-05,0.4094549560546875,1.1995913982391357,
0.71,4.340858208955224e-05,0.408223991394043,0.32877740263938904,
0.72,4.32842039800995e-05,0.4153169250488281,0.6069923043251038,
0.73,4.322201492537314e-05,0.3976576232910156,2.2457969188690186,
0.74,4.30976368159204e-05,0.39989547729492186,1.548087477684021,
0.75,4.303544776119403e-05,0.40811691284179685,0.4520663321018219,
0.76,4.29110696517413e-05,0.40029560089111327,0.4747697114944458,
0.77,4.278669154228856e-05,0.4127037811279297,0.7019637227058411,
0.78,4.272450248756219e-05,0.40504573822021483,0.4056708514690399,
0.79,4.2600124378109454e-05,0.3993046188354492,0.2343740612268448,
0.8,4.2475746268656716e-05,0.4012842559814453,1.1751153469085693,
0.81,4.241355721393035e-05,0.4034041976928711,0.08621428906917572,
0.82,4.2289179104477615e-05,0.3998168182373047,0.18652836978435516,
0.83,4.2226990049751246e-05,0.40644412994384765,1.7158905267715454,
0.84,4.210261194029851e-05,0.4061639404296875,3.1370465755462646,
0.85,4.1978233830845776e-05,0.40169464111328124,2.970937967300415,
0.86,4.191604477611941e-05,0.40528106689453125,1.1777406930923462,
0.87,4.179166666666667e-05,0.403828125,0.9396002888679504,
0.88,4.166728855721394e-05,0.4042771530151367,0.7650808691978455,
0.89,4.160509950248757e-05,0.40599010467529295,6.276239395141602,
0.9,4.148072139303483e-05,0.383695068359375,0.08748070150613785,
0.91,4.141853233830846e-05,0.4002141571044922,2.0778558254241943,
0.92,4.129415422885572e-05,0.4070682144165039,0.4711577296257019,
0.93,4.116977611940298e-05,0.3974941635131836,1.1503499746322632,
0.94,4.1107587064676614e-05,0.40071399688720705,0.10894902050495148,
0.95,4.098320895522388e-05,0.41490859985351564,1.4663212299346924,
0.96,4.0858830845771144e-05,0.40018878936767577,1.1985723972320557,
0.97,4.0796641791044775e-05,0.3939967727661133,1.1252716779708862,
0.98,4.067226368159204e-05,0.39410839080810545,0.16422544419765472,
0.99,4.0610074626865674e-05,0.39237300872802733,0.18068571388721466,
1.0,4.0485696517412935e-05,0.40507156372070313,3.647134780883789,0.39529433846473694
1.01,4.0361318407960204e-05,0.39667449951171874,0.2538314759731293,
1.02,4.0299129353233835e-05,0.39291824340820314,0.156337708234787,
1.03,4.0174751243781096e-05,0.38402351379394534,0.030063215643167496,
1.04,4.0050373134328365e-05,0.39309078216552734,3.885207414627075,
1.05,3.9988184079601995e-05,0.40358695983886717,2.0882210731506348,
1.06,3.986380597014926e-05,0.4045984649658203,0.21342527866363525,
1.07,3.973942786069652e-05,0.4056513214111328,1.4938114881515503,
1.08,3.967723880597015e-05,0.40380123138427737,0.5022081136703491,
1.09,3.955286069651741e-05,0.39385963439941407,1.38454270362854,
1.1,3.949067164179105e-05,0.3960872650146484,1.8084889650344849,
1.11,3.936629353233831e-05,0.39355220794677737,0.9263684153556824,
1.12,3.924191542288557e-05,0.3998152923583984,1.4510457515716553,
1.13,3.917972636815921e-05,0.39528354644775393,0.13481520116329193,
1.14,3.905534825870647e-05,0.39711345672607423,1.5090417861938477,
1.15,3.893097014925373e-05,0.4002773666381836,0.4598345458507538,
1.16,3.8868781094527363e-05,0.3958761215209961,0.24571046233177185,
1.17,3.874440298507463e-05,0.4012147903442383,1.386081337928772,
1.18,3.868221393034826e-05,0.3981196975708008,0.5317665934562683,
1.19,3.8557835820895524e-05,0.39825485229492186,3.3083882331848145,
1.2,3.8433457711442786e-05,0.3987386703491211,0.9199687242507935,
1.21,3.8371268656716417e-05,0.3971784210205078,1.0553706884384155,
1.22,3.824689054726368e-05,0.3936920166015625,0.21661004424095154,
1.23,3.8122512437810947e-05,0.40410896301269533,0.7541815638542175,
1.24,3.806032338308458e-05,0.4029578399658203,1.9777323007583618,
1.25,3.793594527363184e-05,0.39701854705810546,0.09345310181379318,
1.26,3.7873756218905477e-05,0.39639652252197266,0.22950977087020874,
1.27,3.774937810945274e-05,0.394002799987793,0.8344697952270508,
1.28,3.7625e-05,0.39523422241210937,1.119173526763916,
1.29,3.756281094527364e-05,0.39022647857666015,0.8642134666442871,
1.3,3.74384328358209e-05,0.40244239807128906,0.3433094620704651,
1.31,3.731405472636816e-05,0.39689346313476564,3.831298589706421,
1.32,3.725186567164179e-05,0.39436431884765627,1.3549352884292603,
1.33,3.712748756218905e-05,0.39671104431152343,0.10010828077793121,
1.34,3.7065298507462684e-05,0.40501113891601564,0.2946852445602417,
1.35,3.694092039800995e-05,0.3854645538330078,1.0139832496643066,
1.36,3.6816542288557214e-05,0.3898065185546875,0.13938461244106293,
1.37,3.6754353233830845e-05,0.39830455780029295,2.478898763656616,
1.38,3.662997512437811e-05,0.39914520263671877,0.16491664946079254,
1.39,3.6505597014925375e-05,0.4034852981567383,0.5910919904708862,
1.4,3.6443407960199005e-05,0.3990445327758789,0.5384721159934998,
1.41,3.6319029850746274e-05,0.41315643310546873,0.09790946543216705,
1.42,3.6256840796019904e-05,0.39348175048828127,0.7331600189208984,
1.43,3.6132462686567166e-05,0.3916926956176758,1.0824265480041504,
1.44,3.6008084577114434e-05,0.39553146362304686,3.328674077987671,
1.45,3.5945895522388065e-05,0.3942371368408203,0.24549658596515656,
1.46,3.582151741293533e-05,0.3954976272583008,2.3734660148620605,
1.47,3.569713930348259e-05,0.390513916015625,0.5187467336654663,
1.48,3.563495024875622e-05,0.380934944152832,0.45971062779426575,
1.49,3.551057213930348e-05,0.39158432006835936,0.20424869656562805,
1.5,3.538619402985075e-05,0.3980118942260742,5.003026008605957,
1.51,3.532400497512438e-05,0.3921457672119141,1.2223151922225952,
1.52,3.519962686567164e-05,0.37786083221435546,0.6087722778320312,
1.53,3.513743781094527e-05,0.3918345642089844,1.0872069597244263,
1.54,3.501305970149254e-05,0.3988901519775391,0.8271699547767639,
1.55,3.48886815920398e-05,0.3966422271728516,0.1750384420156479,
1.56,3.482649253731343e-05,0.3946573257446289,3.172938108444214,
1.57,3.47021144278607e-05,0.3883415985107422,5.9015374183654785,
1.58,3.457773631840796e-05,0.4052537155151367,0.12142250686883926,
1.59,3.4515547263681594e-05,0.4014309310913086,0.10718489438295364,
1.6,3.4391169154228856e-05,0.3938062286376953,0.27631959319114685,
1.61,3.4328980099502486e-05,0.40874549865722654,1.009817361831665,
1.62,3.420460199004975e-05,0.3876414108276367,0.3186770975589752,
1.63,3.4080223880597016e-05,0.39107685089111327,0.1497998684644699,
1.64,3.401803482587065e-05,0.39872753143310546,1.3859719038009644,
1.65,3.389365671641791e-05,0.3921762466430664,0.5267909169197083,
1.66,3.376927860696518e-05,0.38908470153808594,1.5397191047668457,
1.67,3.370708955223881e-05,0.39405235290527346,0.6351974606513977,
1.68,3.358271144278607e-05,0.3853110122680664,0.4786638021469116,
1.69,3.352052238805971e-05,0.3855165481567383,0.13974900543689728,
1.7,3.339614427860697e-05,0.3928052520751953,0.32914894819259644,
1.71,3.327176616915423e-05,0.3975417709350586,0.5916244387626648,
1.72,3.320957711442786e-05,0.3957896423339844,5.6566901206970215,
1.73,3.308519900497512e-05,0.39551261901855467,0.17629693448543549,
1.74,3.2960820895522384e-05,0.3976323318481445,0.15930670499801636,
1.75,3.289863184079602e-05,0.3928178024291992,0.2108176201581955,
1.76,3.2774253731343284e-05,0.3888529586791992,0.11325736343860626,
1.77,3.2712064676616914e-05,0.37969547271728515,0.29504650831222534,
1.78,3.258768656716418e-05,0.39305946350097654,1.1406131982803345,
1.79,3.2463308457711444e-05,0.38654701232910155,0.350966215133667,
1.8,3.2401119402985075e-05,0.3919517517089844,2.2308640480041504,
1.81,3.2276741293532344e-05,0.4001788330078125,0.09278006106615067,
1.82,3.2152363184079605e-05,0.38158245086669923,0.7250244617462158,
1.83,3.2090174129353236e-05,0.40068706512451174,0.16215799748897552,
1.84,3.1965796019900504e-05,0.38343215942382813,2.5861499309539795,
1.85,3.1903606965174135e-05,0.38446739196777346,1.396965742111206,
1.86,3.17792288557214e-05,0.3816884994506836,3.0757176876068115,
1.87,3.165485074626866e-05,0.3942935180664062,0.46144551038742065,
1.88,3.159266169154229e-05,0.39232315063476564,0.17295707762241364,
1.89,3.146828358208955e-05,0.3871369552612305,8.917739868164062,
1.9,3.134390547263682e-05,0.40012939453125,0.38627249002456665,
1.91,3.128171641791045e-05,0.3978907775878906,0.10488536953926086,
1.92,3.115733830845771e-05,0.3946535110473633,1.1862907409667969,
1.93,3.103296019900498e-05,0.3896954345703125,1.035717248916626,
1.94,3.097077114427861e-05,0.39282081604003904,2.362048387527466,
1.95,3.084639303482587e-05,0.3909578323364258,1.2872898578643799,
1.96,3.07842039800995e-05,0.39096893310546876,1.6820653676986694,
1.97,3.065982587064677e-05,0.3921821594238281,0.2250409871339798,
1.98,3.053544776119403e-05,0.39135059356689456,1.6352930068969727,
1.99,3.047325870646766e-05,0.38416553497314454,1.22593355178833,
2.0,3.034888059701493e-05,0.3944552993774414,1.6639301776885986,0.3874390125274658
2.01,3.022450248756219e-05,0.3874980926513672,0.23104500770568848,
2.02,3.016231343283582e-05,0.38429473876953124,0.05709347873926163,
2.03,3.0037935323383086e-05,0.38973102569580076,0.22775901854038239,
2.04,2.9975746268656717e-05,0.39291866302490236,1.2186615467071533,
2.05,2.985136815920398e-05,0.39113330841064453,1.7932380437850952,
2.06,2.9726990049751247e-05,0.38165481567382814,0.2579500675201416,
2.07,2.9664800995024878e-05,0.38642723083496094,1.718146562576294,
2.08,2.954042288557214e-05,0.38159187316894533,0.057064447551965714,
2.09,2.9416044776119404e-05,0.3950361633300781,0.2327713519334793,
2.1,2.9353855721393035e-05,0.3915946578979492,0.36003175377845764,
2.11,2.9229477611940297e-05,0.38134090423583983,4.642891883850098,
2.12,2.9167288557213934e-05,0.37682411193847654,2.4259095191955566,
2.13,2.9042910447761196e-05,0.3908097839355469,1.1592789888381958,
2.14,2.8918532338308458e-05,0.38125762939453123,0.16107052564620972,
2.15,2.8856343283582095e-05,0.3830291366577148,0.047737814486026764,
2.16,2.8731965174129353e-05,0.3996427917480469,0.2945016026496887,
2.17,2.8607587064676615e-05,0.39219669342041014,0.14268720149993896,
2.18,2.8545398009950253e-05,0.38918472290039063,3.4117913246154785,
2.19,2.8421019900497514e-05,0.38911529541015627,1.4862279891967773,
2.2,2.8358830845771145e-05,0.3849983215332031,1.047023057937622,
2.21,2.8234452736318413e-05,0.3970808029174805,0.4653008282184601,
2.22,2.8110074626865675e-05,0.37912784576416014,0.3004550635814667,
2.23,2.8047885572139306e-05,0.38793331146240234,2.12156081199646,
2.24,2.792350746268657e-05,0.3889902496337891,0.20100882649421692,
2.25,2.7799129353233832e-05,0.3852531433105469,0.7585412263870239,
2.26,2.7736940298507463e-05,0.3855135726928711,0.28019213676452637,
2.27,2.761256218905473e-05,0.38540767669677733,0.05819717049598694,
2.28,2.7550373134328362e-05,0.38426498413085936,1.1096570491790771,
2.29,2.7425995024875624e-05,0.38477046966552736,0.6018754243850708,
2.3,2.730161691542289e-05,0.38603519439697265,0.1186748594045639,
2.31,2.723942786069652e-05,0.3863787460327148,1.55319082736969,
2.32,2.711504975124378e-05,0.3865230941772461,0.9306591749191284,
2.33,2.699067164179105e-05,0.39213722229003906,0.5525121092796326,
2.34,2.692848258706468e-05,0.3897965621948242,1.8071951866149902,
2.35,2.6804104477611942e-05,0.37953529357910154,0.035813331604003906,
2.36,2.6679726368159207e-05,0.3855903244018555,0.8997045755386353,
2.37,2.6617537313432838e-05,0.38258480072021483,0.25180330872535706,
2.38,2.64931592039801e-05,0.3913345718383789,0.13836897909641266,
2.39,2.643097014925373e-05,0.3854166412353516,0.9062379002571106,
2.4,2.6306592039801e-05,0.3803105926513672,0.120905801653862,
2.41,2.618221393034826e-05,0.3958073043823242,0.14667300879955292,
2.42,2.612002487562189e-05,0.39264617919921874,0.6189665198326111,
2.43,2.5995646766169156e-05,0.3928179168701172,0.4834650158882141,
2.44,2.5871268656716418e-05,0.3867020034790039,0.08880448341369629,
2.45,2.580907960199005e-05,0.3845341491699219,1.1313488483428955,
2.46,2.5684701492537317e-05,0.38803581237792967,0.08774369210004807,
2.47,2.5622512437810948e-05,0.381240234375,0.5379815697669983,
2.48,2.549813432835821e-05,0.3838003158569336,1.0582809448242188,
2.49,2.5373756218905474e-05,0.39042808532714846,0.19937404990196228,
2.5,2.5311567164179105e-05,0.3933973693847656,0.24661995470523834,
2.51,2.5187189054726367e-05,0.38704750061035154,0.10809116810560226,
2.52,2.5062810945273635e-05,0.3855251693725586,1.3047682046890259,
2.53,2.5000621890547266e-05,0.3903428268432617,0.7767786383628845,
2.54,2.487624378109453e-05,0.38475528717041013,0.4176143407821655,
2.55,2.481405472636816e-05,0.38531387329101563,0.843913197517395,
2.56,2.4689676616915423e-05,0.38156375885009763,2.015106201171875,
2.57,2.4565298507462688e-05,0.3871393966674805,0.1584632843732834,
2.58,2.450310945273632e-05,0.38957813262939456,0.08850778639316559,
2.59,2.4378731343283584e-05,0.3784618759155273,0.14846967160701752,
2.6,2.425435323383085e-05,0.3849021911621094,0.12904991209506989,
2.61,2.419216417910448e-05,0.3877125930786133,4.195600509643555,
2.62,2.4067786069651745e-05,0.3901276779174805,1.16440749168396,
2.63,2.4005597014925376e-05,0.38649490356445315,5.030900955200195,
2.64,2.3881218905472637e-05,0.38427631378173827,0.26648375391960144,
2.65,2.3756840796019902e-05,0.3838077163696289,0.16549162566661835,
2.66,2.3694651741293533e-05,0.3753738021850586,1.4734089374542236,
2.67,2.3570273631840798e-05,0.3837470626831055,0.7939502000808716,
2.68,2.3445895522388063e-05,0.38584903717041014,2.291835069656372,
2.69,2.3383706467661694e-05,0.38683963775634767,1.274039387702942,
2.7,2.3259328358208955e-05,0.3798905563354492,0.6240974068641663,
2.71,2.313495024875622e-05,0.3837823486328125,5.1705641746521,
2.72,2.307276119402985e-05,0.38901702880859373,0.17353278398513794,
2.73,2.2948383084577116e-05,0.3782416534423828,0.32385024428367615,
2.74,2.2886194029850747e-05,0.3831650924682617,0.42234498262405396,
2.75,2.2761815920398012e-05,0.3906807327270508,0.1416357159614563,
2.76,2.2637437810945274e-05,0.3796953964233398,0.5675481557846069,
2.77,2.2575248756218904e-05,0.3845126342773437,0.09769793599843979,
2.78,2.245087064676617e-05,0.38231128692626953,0.32307881116867065,
2.79,2.2326492537313434e-05,0.39262176513671876,3.922541618347168,
2.8,2.2264303482587065e-05,0.384364013671875,0.14800721406936646,
2.81,2.213992537313433e-05,0.3793856811523437,2.628190040588379,
2.82,2.207773631840796e-05,0.40347297668457033,0.13803039491176605,
2.83,2.1953358208955223e-05,0.38343505859375,5.73508358001709,
2.84,2.1828980099502488e-05,0.38507450103759766,0.2727292478084564,
2.85,2.176679104477612e-05,0.3825713729858398,0.9360541701316833,
2.86,2.1642412935323383e-05,0.38153438568115233,0.14627501368522644,
2.87,2.1518034825870648e-05,0.3862161636352539,1.4189971685409546,
2.88,2.145584577114428e-05,0.38286930084228515,0.14845630526542664,
2.89,2.1331467661691544e-05,0.3772453308105469,0.12108302861452103,
2.9,2.1269278606965175e-05,0.38050079345703125,0.6302720904350281,
2.91,2.1144900497512436e-05,0.38738513946533204,1.6090402603149414,
2.92,2.10205223880597e-05,0.3725223159790039,0.03214667737483978,
2.93,2.0958333333333336e-05,0.3854829406738281,0.5169282555580139,
2.94,2.0833955223880597e-05,0.39250308990478516,0.2607152462005615,
2.95,2.0709577114427862e-05,0.38793251037597654,0.19266395270824432,
2.96,2.0647388059701493e-05,0.386908073425293,0.7249751687049866,
2.97,2.0523009950248755e-05,0.38629032135009767,0.11635882407426834,
2.98,2.046082089552239e-05,0.3813542556762695,0.5448634028434753,
2.99,2.0336442786069654e-05,0.37772575378417966,0.6495763659477234,
3.0,2.0212064676616915e-05,0.38406417846679686,5.722160816192627,0.38573744893074036
3.01,2.014987562189055e-05,0.3849292755126953,1.6144753694534302,
3.02,2.0025497512437815e-05,0.37955516815185547,1.3798973560333252,
3.03,1.9901119402985073e-05,0.38183696746826173,1.0536980628967285,
3.04,1.9838930348258707e-05,0.3868265151977539,7.919064998626709,
3.05,1.9714552238805972e-05,0.3847461700439453,0.39616289734840393,
3.06,1.9652363184079603e-05,0.3913482666015625,2.66567063331604,
3.07,1.9527985074626868e-05,0.3849072647094727,1.2977001667022705,
3.08,1.9403606965174133e-05,0.38222240447998046,0.0643482357263565,
3.09,1.9341417910447764e-05,0.37792884826660156,3.2608511447906494,
3.1,1.9217039800995025e-05,0.3715965270996094,0.16714130342006683,
3.11,1.909266169154229e-05,0.38446582794189454,1.0711994171142578,
3.12,1.903047263681592e-05,0.38728565216064453,0.22647161781787872,
3.13,1.8906094527363186e-05,0.37796669006347655,0.5815772414207458,
3.14,1.878171641791045e-05,0.3791313171386719,1.2983416318893433,
3.15,1.8719527363184082e-05,0.3839054489135742,0.5256510376930237,
3.16,1.8595149253731343e-05,0.37560161590576174,4.906999111175537,
3.17,1.8532960199004974e-05,0.37121803283691407,0.06315676867961884,
3.18,1.840858208955224e-05,0.3741155624389648,0.5658223628997803,
3.19,1.8284203980099504e-05,0.3873210144042969,1.7533565759658813,
3.2,1.8222014925373135e-05,0.38633628845214846,1.0630711317062378,
3.21,1.80976368159204e-05,0.3821295166015625,0.30868804454803467,
3.22,1.7973258706467665e-05,0.3718595123291016,0.07300999015569687,
3.23,1.7911069651741292e-05,0.3895444107055664,1.8892797231674194,
3.24,1.7786691542288557e-05,0.3757840347290039,0.1774325668811798,
3.25,1.7724502487562188e-05,0.38092334747314455,0.054990578442811966,
3.26,1.7600124378109453e-05,0.38851085662841794,2.4364359378814697,
3.27,1.7475746268656718e-05,0.3744663619995117,3.4993393421173096,
3.28,1.741355721393035e-05,0.3801396942138672,1.304230809211731,
3.29,1.7289179104477614e-05,0.382420654296875,1.104593276977539,
3.3,1.7164800995024876e-05,0.3834927749633789,0.9346445202827454,
3.31,1.7102611940298506e-05,0.377837028503418,0.13921231031417847,
3.32,1.697823383084577e-05,0.3856158447265625,0.6097425222396851,
3.33,1.6916044776119402e-05,0.3817978286743164,0.09097640961408615,
3.34,1.6791666666666667e-05,0.38538375854492185,0.11575736850500107,
3.35,1.6667288557213932e-05,0.381038818359375,0.527100145816803,
3.36,1.6605099502487563e-05,0.3832069778442383,1.506661057472229,
3.37,1.6480721393034825e-05,0.3928279495239258,1.2480123043060303,
3.38,1.635634328358209e-05,0.37391899108886717,2.1779556274414062,
3.39,1.629415422885572e-05,0.3758817672729492,0.1302773654460907,
3.4,1.6169776119402985e-05,0.3852857971191406,1.5624433755874634,
3.41,1.610758706467662e-05,0.37808902740478517,0.5769351720809937,
3.42,1.598320895522388e-05,0.3848971176147461,0.04163109138607979,
3.43,1.5858830845771143e-05,0.3796146011352539,0.18553994596004486,
3.44,1.5796641791044777e-05,0.3889314651489258,0.9052882790565491,
3.45,1.567226368159204e-05,0.37691688537597656,0.07333578914403915,
3.46,1.5547885572139303e-05,0.37748950958251953,0.7650905251502991,
3.47,1.5485696517412938e-05,0.3866582489013672,3.68896222114563,
3.48,1.53613184079602e-05,0.38732421875,0.8795548677444458,
3.49,1.5299129353233833e-05,0.3762963104248047,0.25076475739479065,
3.5,1.5174751243781097e-05,0.375273551940918,0.8013630509376526,
3.51,1.5050373134328358e-05,0.38505619049072265,0.0915619283914566,
3.52,1.498818407960199e-05,0.3782534408569336,1.0081666707992554,
3.53,1.4863805970149256e-05,0.3830466842651367,0.1428656131029129,
3.54,1.4739427860696517e-05,0.37669876098632815,0.04556965082883835,
3.55,1.467723880597015e-05,0.38045166015625,0.049169640988111496,
3.56,1.4552860696517415e-05,0.381638298034668,0.14364731311798096,
3.57,1.4428482587064677e-05,0.3839520263671875,6.078366279602051,
3.58,1.4366293532338309e-05,0.3878429412841797,0.0945022776722908,
3.59,1.4241915422885574e-05,0.3905316162109375,1.2775362730026245,
3.6,1.4179726368159205e-05,0.38717662811279296,1.0696035623550415,
3.61,1.4055348258706468e-05,0.3816260528564453,2.723177433013916,
3.62,1.3930970149253733e-05,0.38107555389404296,0.8733524680137634,
3.63,1.3868781094527364e-05,0.3774514389038086,0.1330656260251999,
3.64,1.3744402985074629e-05,0.38536777496337893,0.5575169324874878,
3.65,1.3620024875621892e-05,0.38372467041015623,0.6849664449691772,
3.66,1.3557835820895523e-05,0.3763177108764648,0.18280330300331116,
3.67,1.3433457711442788e-05,0.3805788803100586,1.660560965538025,
3.68,1.3371268656716419e-05,0.382337646484375,2.1670215129852295,
3.69,1.3246890547263682e-05,0.37475349426269533,1.8888274431228638,
3.7,1.3122512437810947e-05,0.3823618698120117,0.14788003265857697,
3.71,1.3060323383084578e-05,0.3833209228515625,0.10697279125452042,
3.72,1.2935945273631841e-05,0.37872920989990233,0.07408173382282257,
3.73,1.2811567164179106e-05,0.3749819183349609,0.6657499074935913,
3.74,1.2749378109452737e-05,0.3767926788330078,1.2875912189483643,
3.75,1.2625e-05,0.38485706329345704,1.1869920492172241,
3.76,1.2562810945273631e-05,0.387716064453125,0.28578075766563416,
3.77,1.2438432835820896e-05,0.380994987487793,3.4043002128601074,
3.78,1.231405472636816e-05,0.378997802734375,0.44434279203414917,
3.79,1.2251865671641792e-05,0.3864855575561523,0.07970310747623444,
3.8,1.2127487562189055e-05,0.37934337615966796,0.046777691692113876,
3.81,1.2003109452736318e-05,0.380567626953125,0.09383726119995117,
3.82,1.1940920398009951e-05,0.3830310821533203,2.172011137008667,
3.83,1.1816542288557214e-05,0.37700881958007815,1.7797802686691284,
3.84,1.1754353233830847e-05,0.3804041290283203,0.06118030101060867,
3.85,1.162997512437811e-05,0.3847690200805664,1.005531668663025,
3.86,1.1505597014925373e-05,0.3778499984741211,0.2044273018836975,
3.87,1.1443407960199006e-05,0.38446975708007813,3.0660901069641113,
3.88,1.1319029850746269e-05,0.3764258575439453,0.03450256586074829,
3.89,1.1194651741293532e-05,0.3859516906738281,0.08483069390058517,
3.9,1.1132462686567165e-05,0.37681949615478516,0.07319345325231552,
3.91,1.1008084577114428e-05,0.38005523681640624,0.06916379183530807,
3.92,1.0945895522388059e-05,0.37558574676513673,0.04463311284780502,
3.93,1.0821517412935324e-05,0.37409099578857424,0.6286724805831909,
3.94,1.0697139303482589e-05,0.38063270568847657,2.2451283931732178,
3.95,1.0634950248756218e-05,0.37917354583740237,2.0103907585144043,
3.96,1.0510572139303483e-05,0.38256866455078126,2.1227502822875977,
3.97,1.0386194029850748e-05,0.3796249008178711,0.1567273586988449,
3.98,1.0324004975124379e-05,0.38050437927246095,0.9166861772537231,
3.99,1.0199626865671642e-05,0.3740285873413086,0.31030136346817017,
4.0,1.0075248756218907e-05,0.3761491394042969,0.16636818647384644,0.38311681151390076
4.01,1.0013059701492538e-05,0.37879348754882813,0.625927209854126,
4.02,9.888681592039801e-06,0.37741378784179686,0.5615477561950684,
4.03,9.826492537313434e-06,0.37817825317382814,2.4394209384918213,
4.04,9.702114427860697e-06,0.3698965835571289,0.040006231516599655,
4.05,9.57773631840796e-06,0.3816398620605469,0.06417400389909744,
4.06,9.515547263681593e-06,0.37590389251708983,0.7592425346374512,
4.07,9.391169154228856e-06,0.36942550659179685,0.032704904675483704,
4.08,9.26679104477612e-06,0.376315803527832,0.054438963532447815,
4.09,9.204601990049752e-06,0.38178287506103514,0.1092311218380928,
4.1,9.080223880597015e-06,0.37960208892822267,2.7206740379333496,
4.11,9.018034825870648e-06,0.37859081268310546,0.12144221365451813,
4.12,8.893656716417911e-06,0.3757662582397461,0.5286635756492615,
4.13,8.769278606965174e-06,0.3763668823242188,0.21150164306163788,
4.14,8.707089552238807e-06,0.38021503448486327,6.125918865203857,
4.15,8.58271144278607e-06,0.3835070037841797,0.06586518883705139,
4.16,8.458333333333333e-06,0.38315811157226565,0.584242045879364,
4.17,8.396144278606966e-06,0.3753832244873047,0.6320086121559143,
4.18,8.27176616915423e-06,0.37415164947509766,1.4444738626480103,
4.19,8.20957711442786e-06,0.374210319519043,0.04375974088907242,
4.2,8.085199004975125e-06,0.3742464828491211,0.11856767535209656,
4.21,7.960820895522388e-06,0.3806229019165039,0.9134568572044373,
4.22,7.898631840796019e-06,0.36963787078857424,0.04339892417192459,
4.23,7.774253731343284e-06,0.37900127410888673,0.09621099382638931,
4.24,7.649875621890547e-06,0.3807966613769531,0.9994393587112427,
4.25,7.587686567164179e-06,0.3798976898193359,0.8762850165367126,
4.26,7.463308457711443e-06,0.37577812194824217,0.2705305814743042,
4.27,7.401119402985076e-06,0.37639881134033204,2.1566989421844482,
4.28,7.276741293532338e-06,0.36800201416015627,1.33271324634552,
4.29,7.152363184079602e-06,0.3699333572387695,2.0496795177459717,
4.3,7.090174129353235e-06,0.3795572662353516,0.8681598901748657,
4.31,6.965796019900497e-06,0.3757025909423828,0.0824841633439064,
4.32,6.841417910447761e-06,0.38170341491699217,0.2415272295475006,
4.33,6.779228855721394e-06,0.38151016235351565,1.407915711402893,
4.34,6.654850746268656e-06,0.3739590072631836,0.06501409411430359,
4.35,6.592661691542289e-06,0.3719205093383789,1.223141074180603,
4.36,6.468283582089553e-06,0.3767592620849609,3.5193183422088623,
4.37,6.343905472636816e-06,0.37776042938232424,0.36422625184059143,
4.38,6.281716417910448e-06,0.37745296478271484,1.7734904289245605,
4.39,6.157338308457711e-06,0.37955638885498044,0.4054269790649414,
4.4,6.032960199004975e-06,0.3802392196655273,3.3242177963256836,
4.41,5.970771144278607e-06,0.376748161315918,0.06924477964639664,
4.42,5.846393034825871e-06,0.38681171417236326,1.2607961893081665,
4.43,5.722014925373135e-06,0.38280319213867187,0.42919856309890747,
4.44,5.659825870646766e-06,0.37715972900390626,3.131131172180176,
4.45,5.53544776119403e-06,0.372547492980957,0.5749256610870361,
4.46,5.473258706467662e-06,0.3761507797241211,0.15043528378009796,
4.47,5.348880597014926e-06,0.3679873275756836,0.06851712614297867,
4.48,5.224502487562189e-06,0.38339927673339846,1.4980740547180176,
4.49,5.162313432835821e-06,0.37523731231689456,0.10264801979064941,
4.5,5.037935323383085e-06,0.3768731689453125,0.41506439447402954,
4.51,4.913557213930348e-06,0.3711284637451172,1.4399462938308716,
4.52,4.851368159203981e-06,0.3715916442871094,0.07348372042179108,
4.53,4.726990049751244e-06,0.3723819351196289,4.435097694396973,
4.54,4.664800995024876e-06,0.3741733169555664,0.5334082841873169,
4.55,4.54042288557214e-06,0.38060043334960936,0.4889989495277405,
4.56,4.416044776119403e-06,0.3716310501098633,0.08541639894247055,
4.57,4.353855721393036e-06,0.3755746078491211,0.6393820643424988,
4.58,4.229477611940299e-06,0.3794255828857422,1.7501875162124634,
4.59,4.105099502487562e-06,0.3811795425415039,0.09885656088590622,
4.6,4.042910447761195e-06,0.374523811340332,1.283032774925232,
4.61,3.918532338308458e-06,0.37264778137207033,0.08837077766656876,
4.62,3.85634328358209e-06,0.37712913513183594,3.8092544078826904,
4.63,3.731965174129354e-06,0.37830162048339844,1.2774631977081299,
4.64,3.607587064676617e-06,0.374144287109375,0.05218319967389107,
4.65,3.545398009950249e-06,0.3753040313720703,0.07512939721345901,
4.66,3.421019900497512e-06,0.3830318069458008,1.0853408575057983,
4.67,3.2966417910447767e-06,0.3749739456176758,0.1311071217060089,
4.68,3.234452736318408e-06,0.38045219421386717,0.03702659532427788,
4.69,3.1100746268656716e-06,0.37534900665283205,2.526827096939087,
4.7,3.0478855721393037e-06,0.3713323974609375,2.921555519104004,
4.71,2.923507462686567e-06,0.37402828216552736,0.15031622350215912,
4.72,2.799129353233831e-06,0.3757075119018555,0.35304510593414307,
4.73,2.736940298507463e-06,0.37312423706054687,1.3605859279632568,
4.74,2.6125621890547265e-06,0.38037925720214844,0.13521577417850494,
4.75,2.4881840796019902e-06,0.37561420440673826,1.2867778539657593,
4.76,2.425995024875622e-06,0.38377384185791014,2.048567771911621,
4.77,2.3016169154228856e-06,0.3815103530883789,0.8041531443595886,
4.78,2.2394278606965173e-06,0.37785346984863283,1.7670801877975464,
4.79,2.1150497512437814e-06,0.37869892120361326,0.730523407459259,
4.8,1.9906716417910447e-06,0.3853554153442383,3.3423194885253906,
4.81,1.9284825870646768e-06,0.3750557708740234,0.051131535321474075,
4.82,1.8041044776119405e-06,0.38034786224365236,0.317869633436203,
4.83,1.679726368159204e-06,0.3749771499633789,0.08932780474424362,
4.84,1.6175373134328359e-06,0.3863214492797852,0.7804228663444519,
4.85,1.4931592039800996e-06,0.3746398162841797,1.6471377611160278,
4.86,1.3687810945273633e-06,0.3832982635498047,0.364581823348999,
4.87,1.306592039800995e-06,0.3701989364624023,0.9580888748168945,
4.88,1.1822139303482587e-06,0.3744887161254883,1.1285706758499146,
4.89,1.1200248756218905e-06,0.38201683044433593,2.149761438369751,
4.9,9.956467661691542e-07,0.3667628860473633,0.11221045255661011,
4.91,8.71268656716418e-07,0.37541851043701174,0.5178738832473755,
4.92,8.090796019900497e-07,0.3765311813354492,0.050244834274053574,
4.93,6.847014925373134e-07,0.3733744812011719,2.1666486263275146,
4.94,5.603233830845772e-07,0.37789833068847656,0.04088896885514259,
4.95,4.981343283582089e-07,0.37526420593261717,4.362916469573975,
4.96,3.737562189054727e-07,0.37007606506347657,0.23902349174022675,
4.97,3.115671641791045e-07,0.3707166290283203,6.619866847991943,
4.98,1.8718905472636816e-07,0.3721625518798828,0.418752521276474,
4.99,6.281094527363184e-08,0.3812717437744141,4.12689733505249,
5.0,6.218905472636815e-10,0.37391105651855466,2.665834426879883,
